                  epoch,         train/box_loss,         train/cls_loss,         train/dfl_loss,   metrics/precision(B),      metrics/recall(B),       metrics/mAP50(B),    metrics/mAP50-95(B),           val/box_loss,           val/cls_loss,           val/dfl_loss,                 lr/pg0,                 lr/pg1,                 lr/pg2
                      1,                 1.1789,                 3.3823,                 1.5966,                0.08409,                0.25828,                0.07262,                0.03153,                 2.1159,                 21.453,                 3.3945,             0.00022301,             0.00022301,             0.00022301
                      2,                 1.3101,                 2.8927,                 1.6741,                0.02636,                0.25643,                0.02339,                0.00907,                  2.415,                    inf,                 5.0063,             0.00045191,             0.00045191,             0.00045191
                      3,                  1.532,                 2.8727,                 1.8075,                0.03476,                0.12724,                0.01892,                0.00727,                 2.8024,                    inf,                 6.3689,             0.00067899,             0.00067899,             0.00067899
                      4,                 1.6342,                  3.007,                 1.9056,                0.00289,                0.29814,                0.00235,                 0.0008,                 3.2561,                    inf,                 18.496,             0.00075986,             0.00075986,             0.00075986
                      5,                 1.5677,                 2.8638,                 1.8497,                0.05217,                0.30932,                0.05078,                 0.0228,                 2.3788,                 12.325,                 3.8522,             0.00075986,             0.00075986,             0.00075986
                      6,                 1.4949,                 2.8641,                 1.8424,                0.04218,                0.13744,                0.02695,                0.01329,                  2.537,                 28.989,                 3.3653,             0.00075682,             0.00075682,             0.00075682
                      7,                 1.5203,                 2.8798,                 1.8564,                0.03726,                0.14691,                 0.0278,                0.01289,                 2.4789,                 4.7235,                 2.9857,             0.00075377,             0.00075377,             0.00075377
                      8,                 1.5134,                 2.7544,                 1.7907,                0.08336,                 0.1118,                0.06286,                0.03437,                 2.6315,                 14.221,                 3.2339,             0.00075073,             0.00075073,             0.00075073
                      9,                   1.41,                 2.6326,                 1.7382,                0.07196,                0.20817,                0.06478,                0.03052,                 2.3595,                    inf,                 3.4741,             0.00074768,             0.00074768,             0.00074768
                     10,                 1.3645,                 2.6589,                 1.6772,                0.03858,                0.26199,                0.02582,                0.01301,                 1.9571,                    inf,                  2.831,             0.00074464,             0.00074464,             0.00074464
                     11,                 1.3406,                 2.5795,                 1.6818,                0.20204,                 0.2175,                0.10025,                0.05641,                 1.7781,                 3.4241,                 2.4015,             0.00074159,             0.00074159,             0.00074159
                     12,                  1.342,                 2.6008,                 1.6895,                 0.2376,                0.19561,                0.09283,                0.04818,                 1.8866,                  3.139,                 2.4962,             0.00073855,             0.00073855,             0.00073855
                     13,                 1.3695,                 2.5494,                 1.7008,                 0.1055,                0.28677,                0.09183,                0.05493,                 1.8617,                 4.1577,                 2.4345,              0.0007355,              0.0007355,              0.0007355
                     14,                  1.305,                 2.5703,                 1.6668,                0.12075,                0.16026,                0.10541,                0.06606,                 1.7604,                 3.7251,                 2.1752,             0.00073246,             0.00073246,             0.00073246
                     15,                   1.27,                 2.4762,                 1.6456,                0.37754,                0.17336,                0.16218,                0.09678,                 1.5386,                 2.8242,                 2.0553,             0.00072941,             0.00072941,             0.00072941
                     16,                 1.2908,                  2.469,                 1.6547,                0.30738,                0.30228,                0.16277,                0.09342,                 1.5904,                   2.89,                 2.0858,             0.00072637,             0.00072637,             0.00072637
                     17,                  1.321,                 2.4561,                 1.6614,                0.13371,                0.29838,                0.13771,                0.08208,                 1.7194,                 3.0899,                 2.2534,             0.00072332,             0.00072332,             0.00072332
                     18,                 1.2539,                 2.4183,                 1.6079,                0.36175,                0.26336,                0.16195,                0.09772,                 1.6084,                 3.0276,                 2.2286,             0.00072028,             0.00072028,             0.00072028
                     19,                 1.2167,                 2.3436,                  1.601,                0.18292,                0.39875,                0.17913,                0.10864,                 1.4617,                 2.8976,                 2.0369,             0.00071723,             0.00071723,             0.00071723
                     20,                  1.231,                 2.3079,                  1.597,                0.46851,                0.25107,                0.19549,                0.12105,                 1.6013,                 2.5953,                 2.1726,             0.00071419,             0.00071419,             0.00071419
                     21,                  1.248,                  2.353,                 1.5989,                0.22585,                0.32223,                0.20875,                 0.1209,                  1.507,                 2.6154,                 2.0317,             0.00071114,             0.00071114,             0.00071114
                     22,                 1.2015,                 2.2607,                 1.5701,                0.25613,                0.37577,                0.20366,                0.12835,                 1.5759,                 2.5569,                 2.1499,              0.0007081,              0.0007081,              0.0007081
                     23,                 1.2036,                 2.2934,                 1.6049,                0.18923,                0.32723,                0.16562,                0.10294,                  1.559,                 2.7317,                 2.1216,             0.00070505,             0.00070505,             0.00070505
                     24,                  1.163,                 2.2309,                 1.5614,                0.13731,                0.41019,                0.18687,                0.11184,                 1.5001,                 2.6591,                 2.0411,               0.000702,               0.000702,               0.000702
                     25,                 1.1991,                 2.2136,                   1.58,                0.18306,                0.27569,                0.15953,                0.09787,                 1.5615,                  3.114,                 2.1251,             0.00069896,             0.00069896,             0.00069896
                     26,                 1.1689,                 2.1946,                 1.5534,                0.14542,                0.29473,                0.17257,                0.09729,                 1.6183,                  2.611,                 2.1794,             0.00069591,             0.00069591,             0.00069591
                     27,                 1.1607,                  2.172,                  1.544,                0.36859,                 0.3019,                0.21837,                0.13994,                 1.5729,                 2.5832,                 2.0647,             0.00069287,             0.00069287,             0.00069287
                     28,                 1.1034,                 2.1122,                 1.5051,                0.20164,                 0.3476,                0.22377,                0.14548,                 1.4684,                 2.4732,                 2.0478,             0.00068982,             0.00068982,             0.00068982
                     29,                 1.1335,                  2.159,                 1.5241,                0.43006,                0.28921,                 0.2715,                0.17379,                 1.4684,                  2.379,                  2.015,             0.00068678,             0.00068678,             0.00068678
                     30,                 1.1467,                 2.1067,                 1.5271,                0.18123,                0.38617,                0.19778,                0.11154,                 1.4658,                 2.5136,                 2.0362,             0.00068373,             0.00068373,             0.00068373
                     31,                 1.1462,                 2.1004,                 1.5424,                 0.1918,                0.41079,                0.21328,                  0.132,                 1.4769,                  2.451,                  2.005,             0.00068069,             0.00068069,             0.00068069
                     32,                 1.0606,                 2.0401,                 1.4726,                0.18974,                0.39583,                0.19845,                0.12658,                 1.4646,                    2.4,                 2.0257,             0.00067764,             0.00067764,             0.00067764
                     33,                 1.1066,                 1.9301,                 1.4717,                0.23306,                0.40267,                0.26143,                0.16974,                 1.4397,                 2.4002,                 2.0024,              0.0006746,              0.0006746,              0.0006746
                     34,                 1.1013,                 2.0268,                 1.4972,                0.27105,                0.38164,                0.31957,                0.20914,                 1.3967,                 2.1689,                 1.9553,             0.00067155,             0.00067155,             0.00067155
                     35,                 1.1047,                 2.0128,                 1.5081,                0.27789,                0.33476,                0.28669,                0.19143,                 1.3865,                 2.3197,                 1.9311,             0.00066851,             0.00066851,             0.00066851
                     36,                 1.0876,                 1.9324,                 1.4675,                0.24076,                0.32144,                0.26154,                0.15946,                 1.4012,                  2.311,                 1.9533,             0.00066546,             0.00066546,             0.00066546
                     37,                  1.055,                 1.9796,                 1.4451,                0.20193,                0.39662,                0.22324,                0.13394,                 1.5381,                 2.5811,                 2.0997,             0.00066242,             0.00066242,             0.00066242
                     38,                 1.0742,                 1.9427,                 1.5115,                 0.2902,                0.42164,                0.27621,                0.18062,                 1.3762,                 2.5334,                 1.9263,             0.00065937,             0.00065937,             0.00065937
                     39,                 1.0464,                 1.9042,                 1.4611,                0.33736,                0.41942,                0.33361,                0.21826,                  1.406,                 2.2421,                 1.9013,             0.00065633,             0.00065633,             0.00065633
                     40,                 1.1041,                 1.8761,                 1.4795,                0.27165,                0.40623,                0.27232,                0.17568,                 1.3827,                 2.3422,                 1.8697,             0.00065328,             0.00065328,             0.00065328
                     41,                 1.0721,                 1.8865,                 1.4913,                 0.2278,                0.37459,                0.29344,                0.17778,                 1.3981,                 2.2461,                 1.8753,             0.00065024,             0.00065024,             0.00065024
                     42,                   1.08,                 1.8132,                 1.4493,                0.33494,                0.29697,                0.24842,                0.15937,                 1.4333,                 2.2773,                 1.9577,             0.00064719,             0.00064719,             0.00064719
                     43,                  1.057,                 1.8891,                 1.4592,                0.32634,                0.35437,                0.30694,                0.19522,                 1.3331,                 2.0698,                  1.841,             0.00064415,             0.00064415,             0.00064415
                     44,                 1.0084,                 1.8123,                 1.4421,                0.29011,                0.42692,                0.34695,                0.22221,                 1.3305,                 2.0471,                  1.831,              0.0006411,              0.0006411,              0.0006411
                     45,                0.99807,                 1.7659,                 1.4238,                0.26412,                0.44431,                0.29234,                0.19449,                 1.3194,                 2.2177,                 1.8353,             0.00063805,             0.00063805,             0.00063805
                     46,                0.99215,                 1.7748,                 1.4203,                0.38472,                0.37814,                0.35119,                0.24174,                 1.3314,                 2.0536,                 1.8406,             0.00063501,             0.00063501,             0.00063501
                     47,                 1.0269,                 1.7497,                 1.4408,                0.43833,                0.37618,                0.34129,                 0.2063,                 1.3643,                 2.1165,                 1.8596,             0.00063196,             0.00063196,             0.00063196
                     48,                0.98493,                 1.7645,                 1.3826,                0.39034,                0.29119,                0.31101,                0.20847,                 1.3527,                 2.1111,                 1.8377,             0.00062892,             0.00062892,             0.00062892
                     49,                0.99874,                 1.7987,                 1.4244,                 0.3626,                0.39452,                0.32591,                 0.2266,                 1.2452,                 2.0534,                 1.7662,             0.00062587,             0.00062587,             0.00062587
                     50,                  1.014,                 1.7228,                 1.4276,                0.31509,                0.44942,                0.34947,                0.24942,                 1.2565,                 1.9592,                   1.76,             0.00062283,             0.00062283,             0.00062283
                     51,                0.97487,                 1.6663,                 1.3927,                0.27957,                0.37459,                0.31211,                0.21277,                 1.3074,                 2.1256,                 1.8166,             0.00061978,             0.00061978,             0.00061978
                     52,                  1.013,                 1.7193,                 1.4362,                0.50505,                0.34878,                0.36522,                0.24248,                 1.2841,                 2.0688,                 1.8159,             0.00061674,             0.00061674,             0.00061674
                     53,                0.99311,                 1.7198,                 1.4155,                0.31243,                0.45766,                0.31535,                0.21072,                 1.2473,                 1.9671,                 1.7534,             0.00061369,             0.00061369,             0.00061369
                     54,                0.95551,                 1.6997,                 1.3953,                0.34645,                 0.4519,                0.35881,                0.22219,                 1.3212,                 2.0574,                 1.8222,             0.00061065,             0.00061065,             0.00061065
                     55,                 1.0005,                  1.754,                 1.4313,                 0.3677,                0.35817,                 0.3393,                0.22961,                   1.25,                 2.0439,                 1.7405,              0.0006076,              0.0006076,              0.0006076
                     56,                0.94036,                 1.7088,                 1.4038,                0.31669,                0.50418,                0.35659,                0.24959,                 1.2187,                 1.9955,                  1.708,             0.00060456,             0.00060456,             0.00060456
                     57,                0.95506,                 1.6351,                 1.3891,                0.35798,                0.41485,                0.35455,                0.24917,                 1.2444,                 1.9707,                 1.7585,             0.00060151,             0.00060151,             0.00060151
                     58,                0.93573,                 1.6522,                 1.3739,                 0.4013,                0.41012,                0.39094,                  0.274,                 1.2937,                 1.9815,                 1.8113,             0.00059847,             0.00059847,             0.00059847
                     59,                0.96628,                  1.628,                 1.3814,                0.33833,                0.45313,                 0.3783,                0.24777,                 1.3364,                 2.0903,                 1.8209,             0.00059542,             0.00059542,             0.00059542
                     60,                0.98422,                 1.6431,                 1.3881,                0.38533,                0.45643,                0.35959,                0.23008,                 1.3275,                 2.0116,                   1.82,             0.00059238,             0.00059238,             0.00059238
                     61,                0.94818,                 1.6244,                 1.3905,                0.37573,                0.46311,                0.41077,                0.28937,                 1.2494,                 1.9428,                 1.7514,             0.00058933,             0.00058933,             0.00058933
                     62,                0.92055,                 1.6182,                  1.348,                0.47697,                0.36375,                0.35488,                0.24588,                 1.2268,                 2.1015,                 1.7185,             0.00058629,             0.00058629,             0.00058629
                     63,                0.94124,                 1.6594,                 1.3889,                 0.3372,                0.43089,                0.30936,                0.20388,                  1.298,                  2.323,                 1.8261,             0.00058324,             0.00058324,             0.00058324
                     64,                0.96159,                 1.6718,                 1.3945,                0.43104,                0.43359,                0.41203,                0.27943,                 1.2581,                 1.9783,                 1.7461,              0.0005802,              0.0005802,              0.0005802
                     65,                0.90428,                  1.537,                  1.339,                0.36946,                0.46144,                0.36041,                0.25619,                 1.2695,                 2.1152,                 1.7652,             0.00057715,             0.00057715,             0.00057715
                     66,                0.93136,                 1.5634,                 1.3537,                0.40625,                0.46497,                0.40719,                0.29298,                 1.2295,                 1.8591,                 1.7457,              0.0005741,              0.0005741,              0.0005741
                     67,                 0.9494,                 1.5461,                 1.3723,                0.43483,                0.41613,                0.39266,                0.27475,                 1.1955,                 1.8964,                 1.6995,             0.00057106,             0.00057106,             0.00057106
                     68,                0.90854,                 1.5333,                  1.352,                0.38986,                 0.4777,                0.40216,                0.27196,                 1.2438,                 1.8983,                 1.7548,             0.00056801,             0.00056801,             0.00056801
                     69,                0.93224,                 1.5432,                 1.3604,                0.41396,                0.53007,                0.44489,                0.29715,                 1.2072,                 1.8065,                 1.7051,             0.00056497,             0.00056497,             0.00056497
                     70,                0.89593,                 1.4601,                 1.3195,                0.51793,                0.45285,                0.43512,                 0.3005,                 1.3287,                 1.8623,                  1.861,             0.00056192,             0.00056192,             0.00056192
                     71,                0.92763,                 1.5304,                  1.343,                0.42595,                0.52405,                0.41427,                0.28474,                 1.2973,                 1.9431,                 1.7763,             0.00055888,             0.00055888,             0.00055888
                     72,                0.92729,                  1.529,                  1.348,                0.41353,                0.54237,                0.45141,                0.30031,                 1.2646,                 1.8078,                 1.7734,             0.00055583,             0.00055583,             0.00055583
                     73,                0.93212,                 1.5393,                 1.3622,                0.38011,                0.45554,                0.38402,                0.26861,                 1.2408,                 1.9658,                 1.7603,             0.00055279,             0.00055279,             0.00055279
                     74,                0.89933,                  1.454,                 1.3215,                0.44242,                0.42657,                0.43138,                0.29114,                 1.2829,                 1.8685,                 1.7664,             0.00054974,             0.00054974,             0.00054974
                     75,                 0.8979,                 1.4375,                 1.3547,                 0.5478,                0.38703,                0.46261,                0.33623,                 1.1816,                 1.7511,                 1.7371,              0.0005467,              0.0005467,              0.0005467
                     76,                0.87686,                 1.4554,                 1.3104,                0.45367,                0.44552,                0.44166,                0.30257,                 1.2498,                 1.9221,                 1.7896,             0.00054365,             0.00054365,             0.00054365
                     77,                0.89909,                 1.3891,                 1.3288,                0.56172,                 0.4002,                 0.4594,                0.31931,                 1.2526,                 1.8715,                 1.7655,             0.00054061,             0.00054061,             0.00054061
                     78,                0.88396,                 1.4094,                 1.3345,                0.41561,                0.49514,                0.44958,                0.30982,                 1.2377,                 1.8926,                 1.7444,             0.00053756,             0.00053756,             0.00053756
                     79,                0.86387,                 1.3864,                 1.3134,                0.58838,                0.43672,                0.49003,                0.32256,                 1.3067,                 1.8111,                 1.7976,             0.00053452,             0.00053452,             0.00053452
                     80,                0.87453,                 1.4041,                 1.3096,                0.43517,                0.45338,                0.42903,                0.29495,                  1.247,                 1.8857,                 1.7454,             0.00053147,             0.00053147,             0.00053147
                     81,                0.84742,                 1.4232,                 1.3143,                 0.3268,                0.47113,                0.39418,                0.27923,                 1.2983,                 2.0811,                 1.8469,             0.00052843,             0.00052843,             0.00052843
                     82,                0.87025,                 1.4328,                 1.3149,                0.40944,                0.40512,                0.37565,                0.26386,                 1.2244,                 2.0162,                  1.763,             0.00052538,             0.00052538,             0.00052538
                     83,                0.89341,                 1.3977,                 1.3339,                0.42685,                0.49699,                0.43092,                0.30047,                 1.2225,                 1.8454,                  1.716,             0.00052234,             0.00052234,             0.00052234
                     84,                 0.8873,                 1.4048,                 1.3042,                0.45971,                 0.4709,                0.43858,                0.30553,                  1.242,                 1.7913,                 1.7095,             0.00051929,             0.00051929,             0.00051929
                     85,                0.85737,                 1.3568,                 1.2908,                0.52983,                0.40892,                0.45571,                 0.3363,                 1.2685,                 1.6913,                 1.8007,             0.00051625,             0.00051625,             0.00051625
                     86,                0.86308,                 1.3467,                 1.3028,                0.42037,                0.51547,                0.47569,                 0.3292,                 1.1608,                 1.7214,                 1.7009,              0.0005132,              0.0005132,              0.0005132
                     87,                0.85023,                 1.3387,                 1.3012,                0.49026,                  0.447,                0.43357,                0.30835,                 1.1632,                 1.7797,                 1.6652,             0.00051015,             0.00051015,             0.00051015
                     88,                0.84317,                 1.3359,                 1.2998,                0.48461,                0.34751,                0.41261,                0.30019,                 1.2724,                 1.9748,                 1.8102,             0.00050711,             0.00050711,             0.00050711
                     89,                0.82899,                 1.2844,                 1.2848,                0.46956,                0.50718,                0.47072,                0.33091,                 1.2408,                 1.7507,                 1.7429,             0.00050406,             0.00050406,             0.00050406
                     90,                0.87252,                 1.3371,                 1.3018,                0.45854,                0.47389,                0.42775,                0.29788,                 1.2107,                 1.8158,                 1.7222,             0.00050102,             0.00050102,             0.00050102
                     91,                0.80509,                 1.2533,                 1.2592,                0.59062,                0.42204,                0.47535,                0.33645,                 1.2899,                 1.7956,                 1.8237,             0.00049797,             0.00049797,             0.00049797
                     92,                0.83955,                 1.2875,                 1.2945,                0.41211,                0.50333,                0.45422,                0.31101,                 1.2085,                 1.8367,                  1.731,             0.00049493,             0.00049493,             0.00049493
                     93,                0.82495,                  1.293,                 1.2966,                0.43112,                 0.5205,                0.46277,                 0.3358,                 1.1929,                 1.8047,                 1.7058,             0.00049188,             0.00049188,             0.00049188
                     94,                0.80789,                 1.2776,                 1.2824,                0.52382,                0.40674,                0.42969,                0.29509,                 1.1457,                  1.858,                 1.6753,             0.00048884,             0.00048884,             0.00048884
                     95,                 0.8281,                 1.2806,                 1.2873,                0.61918,                0.41539,                 0.4852,                 0.3345,                 1.2639,                 1.7728,                 1.8025,             0.00048579,             0.00048579,             0.00048579
                     96,                0.82933,                 1.2609,                 1.3024,                0.50378,                0.51164,                0.47732,                0.33196,                 1.1948,                 1.8088,                 1.7505,             0.00048275,             0.00048275,             0.00048275
                     97,                0.82657,                 1.2553,                 1.2777,                0.62881,                0.43125,                0.48805,                0.34492,                 1.2748,                 1.8465,                 1.7894,              0.0004797,              0.0004797,              0.0004797
                     98,                0.82877,                 1.2416,                 1.2855,                0.43757,                0.50668,                0.45642,                0.31146,                 1.2438,                 1.9205,                 1.7809,             0.00047666,             0.00047666,             0.00047666
                     99,                  0.831,                 1.2388,                 1.2759,                0.58194,                0.41211,                0.45415,                 0.3142,                  1.341,                 1.9352,                  1.887,             0.00047361,             0.00047361,             0.00047361
                    100,                0.80466,                 1.1751,                 1.2725,                0.56812,                0.44237,                 0.4816,                0.34791,                   1.18,                 1.8417,                 1.7006,             0.00047057,             0.00047057,             0.00047057
                    101,                0.81654,                 1.2238,                 1.2793,                0.53238,                 0.4603,                0.48717,                0.35066,                 1.2043,                 1.7702,                 1.7092,             0.00046752,             0.00046752,             0.00046752
                    102,                0.78056,                 1.2091,                 1.2505,                0.67744,                0.44869,                0.51883,                0.37037,                 1.1698,                 1.7891,                 1.6901,             0.00046448,             0.00046448,             0.00046448
                    103,                0.81672,                 1.1966,                 1.2771,                0.55418,                0.45505,                0.47064,                0.33345,                  1.189,                 1.8123,                 1.6865,             0.00046143,             0.00046143,             0.00046143
                    104,                0.80275,                 1.1681,                 1.2681,                0.58142,                0.47944,                0.50977,                0.36362,                 1.2031,                 1.7938,                 1.7106,             0.00045839,             0.00045839,             0.00045839
                    105,                 0.8137,                 1.2071,                 1.2664,                0.54807,                0.51576,                0.51401,                0.37232,                 1.1368,                 1.7523,                 1.6396,             0.00045534,             0.00045534,             0.00045534
                    106,                0.79325,                 1.1583,                 1.2674,                0.60304,                0.42488,                0.48365,                0.33744,                 1.2091,                 1.7939,                 1.7362,              0.0004523,              0.0004523,              0.0004523
                    107,                0.80691,                 1.1614,                 1.2664,                  0.635,                0.42969,                0.50061,                0.36297,                 1.2228,                 1.6829,                 1.7232,             0.00044925,             0.00044925,             0.00044925
                    108,                0.79185,                 1.1321,                 1.2377,                0.57106,                0.52693,                0.52169,                0.37861,                 1.2131,                  1.602,                  1.723,              0.0004462,              0.0004462,              0.0004462
                    109,                0.77901,                 1.1574,                 1.2446,                 0.5945,                0.42658,                0.50494,                0.36278,                 1.2534,                 1.7142,                 1.7993,             0.00044316,             0.00044316,             0.00044316
                    110,                 0.7743,                 1.1109,                 1.2325,                0.49841,                 0.4854,                0.49738,                0.34388,                 1.2373,                 1.7643,                 1.7932,             0.00044011,             0.00044011,             0.00044011
                    111,                0.74286,                 1.0644,                 1.2134,                 0.6097,                0.45374,                0.50314,                0.35868,                 1.1883,                 1.7011,                 1.7102,             0.00043707,             0.00043707,             0.00043707
                    112,                0.76749,                 1.0984,                 1.2321,                0.62065,                0.47003,                0.52565,                 0.3732,                 1.2358,                 1.6217,                  1.788,             0.00043402,             0.00043402,             0.00043402
                    113,                0.78147,                 1.1206,                  1.246,                0.55462,                0.47473,                0.50597,                0.35605,                 1.1883,                 1.7111,                 1.6873,             0.00043098,             0.00043098,             0.00043098
                    114,                0.76325,                  1.137,                 1.2494,                0.59695,                0.46908,                0.48944,                0.34178,                 1.2434,                 1.6842,                 1.7403,             0.00042793,             0.00042793,             0.00042793
                    115,                0.77176,                 1.0807,                 1.2202,                 0.6032,                0.45565,                0.48226,                0.33938,                 1.2289,                 1.7034,                 1.7129,             0.00042489,             0.00042489,             0.00042489
                    116,                  0.744,                 1.0684,                 1.2144,                0.54889,                0.48944,                0.48091,                0.34617,                 1.1916,                  1.697,                 1.7406,             0.00042184,             0.00042184,             0.00042184
                    117,                0.74203,                 1.0874,                 1.2373,                0.44423,                 0.5306,                0.49849,                0.35692,                 1.2115,                 1.7455,                 1.7402,              0.0004188,              0.0004188,              0.0004188
                    118,                0.75014,                 1.1142,                   1.23,                0.60923,                0.47771,                0.52683,                0.37249,                 1.1693,                 1.6707,                 1.7153,             0.00041575,             0.00041575,             0.00041575
                    119,                0.75938,                 1.0583,                 1.2323,                0.44438,                0.56171,                0.49392,                0.34664,                 1.2299,                 1.6993,                 1.7375,             0.00041271,             0.00041271,             0.00041271
                    120,                0.77921,                 1.0859,                 1.2297,                0.56429,                0.51152,                0.52559,                0.38305,                 1.1549,                 1.6554,                 1.6342,             0.00040966,             0.00040966,             0.00040966
                    121,                0.74765,                 1.0409,                 1.2078,                0.57183,                0.47523,                0.51314,                0.36431,                 1.1812,                 1.6843,                 1.7304,             0.00040662,             0.00040662,             0.00040662
                    122,                 0.7764,                 1.0594,                  1.227,                0.56164,                0.44233,                0.51684,                0.36553,                 1.2314,                 1.7151,                 1.7205,             0.00040357,             0.00040357,             0.00040357
                    123,                0.74295,                  1.036,                 1.2019,                0.51727,                0.56741,                0.51143,                0.36633,                 1.1949,                 1.6168,                 1.6957,             0.00040053,             0.00040053,             0.00040053
                    124,                0.73823,                0.98891,                 1.1988,                  0.589,                0.55374,                0.53117,                0.37598,                    1.2,                 1.6581,                 1.6642,             0.00039748,             0.00039748,             0.00039748
                    125,                0.71514,                 1.0099,                 1.2031,                0.52442,                0.59621,                0.55063,                0.39477,                 1.1785,                  1.673,                 1.6865,             0.00039444,             0.00039444,             0.00039444
                    126,                0.73968,                 1.0129,                 1.2163,                0.45786,                0.51099,                0.48216,                0.34512,                 1.1789,                 1.7241,                 1.6891,             0.00039139,             0.00039139,             0.00039139
                    127,                0.74726,                 1.0066,                 1.2305,                0.54824,                0.47109,                0.47465,                0.33357,                 1.2062,                 1.8089,                 1.7315,             0.00038835,             0.00038835,             0.00038835
                    128,                0.70415,                0.96182,                 1.2014,                0.61729,                0.46542,                0.52327,                0.36775,                 1.1932,                 1.6857,                 1.7342,              0.0003853,              0.0003853,              0.0003853
                    129,                0.75147,                 1.0105,                 1.2361,                0.60303,                0.47689,                0.52952,                0.37291,                 1.2014,                 1.6856,                 1.7315,             0.00038225,             0.00038225,             0.00038225
                    130,                0.73664,                0.99729,                  1.211,                0.60325,                0.48946,                0.53136,                0.36875,                 1.1799,                 1.6936,                 1.7583,             0.00037921,             0.00037921,             0.00037921
                    131,                0.71482,                 1.0205,                 1.2115,                0.58167,                0.50517,                0.56626,                0.40146,                 1.1565,                 1.5284,                 1.6848,             0.00037616,             0.00037616,             0.00037616
                    132,                0.70674,                0.92728,                 1.1937,                0.58385,                0.51952,                0.52257,                0.38297,                  1.142,                  1.556,                 1.6577,             0.00037312,             0.00037312,             0.00037312
                    133,                0.72427,                0.94152,                 1.2136,                0.54965,                 0.5141,                0.51686,                0.38049,                 1.1795,                 1.6508,                 1.7031,             0.00037007,             0.00037007,             0.00037007
                    134,                0.70731,                0.93907,                 1.1986,                 0.6711,                0.45141,                0.53211,                0.37947,                 1.1573,                 1.6564,                 1.6712,             0.00036703,             0.00036703,             0.00036703
                    135,                0.71803,                 0.9683,                 1.1985,                0.60076,                0.48465,                0.50931,                0.36725,                 1.1926,                 1.7177,                 1.7192,             0.00036398,             0.00036398,             0.00036398
                    136,                0.68395,                0.92227,                  1.188,                0.57123,                0.53195,                 0.5461,                0.38683,                 1.1752,                 1.5644,                    1.7,             0.00036094,             0.00036094,             0.00036094
                    137,                 0.7049,                0.96536,                 1.1853,                0.54473,                0.49946,                0.51404,                0.36186,                 1.2119,                 1.6085,                 1.7322,             0.00035789,             0.00035789,             0.00035789
                    138,                0.73128,                0.96106,                 1.2079,                 0.5478,                0.51098,                0.53907,                0.37836,                 1.2182,                 1.6248,                 1.7419,             0.00035485,             0.00035485,             0.00035485
                    139,                0.68063,                 0.9253,                 1.1687,                0.62751,                0.47546,                0.54308,                0.40532,                 1.1701,                  1.682,                 1.6617,              0.0003518,              0.0003518,              0.0003518
                    140,                0.71398,                0.96462,                 1.1957,                0.55856,                 0.5268,                0.52851,                0.39008,                  1.182,                 1.6138,                 1.6854,             0.00034876,             0.00034876,             0.00034876
                    141,                0.69998,                 0.8655,                 1.1887,                   0.59,                0.51234,                0.53522,                 0.3724,                 1.2192,                 1.7233,                 1.7343,             0.00034571,             0.00034571,             0.00034571
                    142,                0.70869,                 0.9272,                 1.1748,                0.60041,                0.49319,                0.52228,                0.37123,                 1.2351,                 1.6574,                 1.7637,             0.00034267,             0.00034267,             0.00034267
                    143,                0.71559,                0.91428,                 1.1979,                0.65561,                0.48356,                0.53597,                0.38333,                  1.212,                 1.6613,                 1.7461,             0.00033962,             0.00033962,             0.00033962
                    144,                0.68138,                 0.8863,                 1.1659,                0.65427,                0.48725,                0.55113,                0.40545,                 1.1943,                  1.505,                 1.7695,             0.00033658,             0.00033658,             0.00033658
                    145,                0.68197,                0.90872,                 1.1792,                0.57079,                0.56275,                0.54061,                0.37532,                 1.2429,                 1.6629,                 1.8536,             0.00033353,             0.00033353,             0.00033353
                    146,                0.69166,                 0.9047,                 1.1826,                0.51762,                 0.5332,                0.51907,                0.35418,                 1.2617,                 1.7832,                  1.786,             0.00033049,             0.00033049,             0.00033049
                    147,                0.65798,                0.85932,                 1.1512,                0.55665,                0.47911,                0.50847,                0.34731,                 1.2853,                 1.7395,                 1.8168,             0.00032744,             0.00032744,             0.00032744
                    148,                0.70814,                 0.9126,                 1.1895,                0.54893,                 0.5211,                0.53906,                0.37309,                 1.2541,                 1.6628,                 1.8188,             0.00032439,             0.00032439,             0.00032439
                    149,                0.68482,                0.89081,                  1.165,                0.65519,                0.48508,                0.54893,                0.37825,                 1.2644,                 1.6923,                 1.7994,             0.00032135,             0.00032135,             0.00032135
                    150,                0.66383,                0.82298,                 1.1558,                0.59707,                0.50185,                0.54512,                0.38714,                  1.242,                 1.6018,                 1.7782,              0.0003183,              0.0003183,              0.0003183
                    151,                0.66184,                0.85159,                 1.1728,                0.52642,                0.55117,                0.53524,                0.37456,                 1.2205,                 1.5608,                 1.7701,             0.00031526,             0.00031526,             0.00031526
                    152,                0.63303,                0.82901,                 1.1444,                0.56644,                0.52363,                0.53225,                0.37992,                 1.1923,                 1.6319,                 1.7307,             0.00031221,             0.00031221,             0.00031221
                    153,                0.67721,                0.82598,                 1.1736,                0.53681,                0.54946,                0.53408,                0.37978,                 1.1926,                 1.5869,                 1.7292,             0.00030917,             0.00030917,             0.00030917
                    154,                0.63657,                0.81685,                 1.1348,                0.63008,                0.52121,                 0.5848,                0.42152,                 1.1814,                 1.5902,                 1.7178,             0.00030612,             0.00030612,             0.00030612
                    155,                0.69408,                0.87877,                 1.1753,                0.58354,                 0.4746,                0.54585,                0.39925,                  1.194,                 1.6577,                 1.7313,             0.00030308,             0.00030308,             0.00030308
                    156,                0.66434,                0.81621,                 1.1564,                0.67551,                0.46209,                0.54298,                0.38237,                 1.2243,                  1.528,                 1.7506,             0.00030003,             0.00030003,             0.00030003
                    157,                0.65221,                 0.7994,                 1.1429,                0.57565,                0.55582,                0.57199,                0.39974,                 1.2304,                 1.5624,                  1.745,             0.00029699,             0.00029699,             0.00029699
                    158,                0.65631,                0.85134,                 1.1496,                0.66817,                0.53774,                0.58572,                0.41824,                 1.2049,                  1.591,                 1.7542,             0.00029394,             0.00029394,             0.00029394
                    159,                0.65525,                0.83221,                  1.147,                0.60888,                0.56326,                0.58447,                0.42603,                 1.1696,                 1.5789,                 1.7172,              0.0002909,              0.0002909,              0.0002909
                    160,                0.65637,                0.84436,                 1.1824,                0.62476,                0.48715,                0.52656,                0.36958,                 1.2723,                 1.7893,                  1.833,             0.00028785,             0.00028785,             0.00028785
                    161,                0.64309,                0.80028,                 1.1442,                0.57217,                0.52144,                0.54076,                0.38263,                 1.2252,                 1.7077,                 1.7788,             0.00028481,             0.00028481,             0.00028481
                    162,                0.68373,                0.85095,                 1.1926,                0.57268,                0.50372,                0.53649,                0.37667,                 1.2193,                 1.6935,                 1.7738,             0.00028176,             0.00028176,             0.00028176
                    163,                0.64105,                 0.8294,                 1.1544,                0.59275,                 0.5459,                0.57326,                  0.405,                 1.1619,                 1.5352,                 1.7219,             0.00027872,             0.00027872,             0.00027872
                    164,                 0.6371,                0.79055,                 1.1437,                0.59762,                0.52694,                0.55959,                 0.3903,                 1.2073,                 1.5429,                 1.7496,             0.00027567,             0.00027567,             0.00027567
                    165,                0.64275,                0.81802,                 1.1504,                0.61895,                0.51624,                0.56312,                0.39896,                 1.2005,                 1.5744,                 1.7059,             0.00027263,             0.00027263,             0.00027263
                    166,                  0.644,                0.79285,                 1.1451,                0.63084,                 0.4718,                 0.5595,                0.39847,                  1.176,                 1.5904,                 1.7124,             0.00026958,             0.00026958,             0.00026958
                    167,                0.64203,                0.82475,                 1.1599,                0.60936,                0.51246,                0.56073,                0.39215,                 1.1869,                 1.6198,                   1.73,             0.00026654,             0.00026654,             0.00026654
                    168,                0.64357,                0.77305,                   1.16,                 0.6694,                0.50881,                0.56583,                0.40073,                 1.1945,                 1.6509,                 1.7268,             0.00026349,             0.00026349,             0.00026349
                    169,                0.64248,                0.82378,                 1.1623,                0.58694,                0.60279,                0.58758,                0.42672,                 1.1662,                 1.5945,                 1.7071,             0.00026044,             0.00026044,             0.00026044
                    170,                0.64241,                0.80036,                 1.1363,                0.62342,                0.51894,                0.57913,                0.41536,                 1.1462,                 1.5595,                 1.6854,              0.0002574,              0.0002574,              0.0002574
                    171,                0.65501,                0.78613,                 1.1616,                0.74439,                0.49789,                0.59147,                0.41372,                 1.1942,                  1.543,                 1.7744,             0.00025435,             0.00025435,             0.00025435
                    172,                0.63298,                 0.7574,                 1.1522,                0.65862,                0.50751,                0.58392,                0.41837,                 1.1834,                  1.558,                 1.6951,             0.00025131,             0.00025131,             0.00025131
                    173,                0.62474,                0.77935,                 1.1522,                0.55732,                0.55284,                0.55967,                0.40002,                 1.1985,                 1.5705,                 1.7479,             0.00024826,             0.00024826,             0.00024826
                    174,                0.63442,                0.78935,                 1.1609,                0.59865,                0.53678,                0.56815,                0.39521,                 1.2095,                 1.6047,                 1.7951,             0.00024522,             0.00024522,             0.00024522
                    175,                 0.6136,                0.74847,                 1.1267,                0.56652,                0.54714,                0.55956,                0.39618,                 1.2068,                 1.5811,                 1.7534,             0.00024217,             0.00024217,             0.00024217
                    176,                0.63216,                0.76917,                 1.1388,                0.63713,                0.47684,                0.53918,                0.38112,                 1.2203,                 1.6635,                 1.7653,             0.00023913,             0.00023913,             0.00023913
                    177,                0.60118,                0.75633,                 1.1236,                0.56668,                0.48778,                0.52214,                0.36595,                  1.232,                 1.7393,                 1.8064,             0.00023608,             0.00023608,             0.00023608
                    178,                 0.5967,                0.74326,                 1.1295,                0.65195,                0.50318,                0.57434,                0.40821,                 1.1855,                 1.6063,                  1.745,             0.00023304,             0.00023304,             0.00023304
                    179,                0.61706,                0.76697,                 1.1286,                 0.6694,                 0.5441,                 0.6006,                 0.4235,                 1.1893,                 1.4934,                 1.7198,             0.00022999,             0.00022999,             0.00022999
                    180,                0.63007,                0.75009,                 1.1489,                0.61465,                0.52619,                0.57852,                 0.4046,                 1.2116,                 1.5211,                 1.7596,             0.00022695,             0.00022695,             0.00022695
                    181,                0.60394,                0.75658,                 1.1117,                0.60097,                0.55202,                0.56818,                0.39456,                 1.2046,                 1.5788,                 1.7563,              0.0002239,              0.0002239,              0.0002239
                    182,                0.61957,                0.75459,                 1.1232,                0.61665,                0.52852,                0.55293,                0.39061,                  1.193,                 1.5357,                 1.7487,             0.00022086,             0.00022086,             0.00022086
                    183,                0.60139,                0.71086,                 1.1092,                0.66249,                0.46368,                0.54174,                0.38247,                 1.2186,                 1.6172,                 1.7531,             0.00021781,             0.00021781,             0.00021781
                    184,                0.60461,                0.70759,                  1.122,                0.70533,                0.42861,                0.54692,                0.37836,                 1.2195,                  1.704,                 1.7512,             0.00021477,             0.00021477,             0.00021477
                    185,                0.59533,                0.71327,                 1.1318,                0.71218,                0.49036,                0.57602,                0.39691,                 1.2222,                 1.5817,                 1.7716,             0.00021172,             0.00021172,             0.00021172
                    186,                0.61877,                0.71645,                 1.1384,                0.60977,                0.55043,                0.55852,                0.38397,                 1.2099,                 1.6069,                 1.7732,             0.00020868,             0.00020868,             0.00020868
                    187,                0.58683,                0.69033,                 1.1067,                0.56655,                0.57003,                0.56256,                0.38478,                 1.1986,                 1.5947,                 1.7245,             0.00020563,             0.00020563,             0.00020563
                    188,                0.60064,                0.70831,                 1.1135,                0.64142,                0.51222,                0.58263,                0.41525,                 1.1919,                 1.5081,                 1.7267,             0.00020259,             0.00020259,             0.00020259
                    189,                0.60282,                0.72139,                 1.1052,                 0.6224,                0.50044,                0.58027,                0.40678,                 1.1791,                 1.5409,                 1.7096,             0.00019954,             0.00019954,             0.00019954
                    190,                0.59999,                0.73387,                 1.1245,                0.57868,                0.57005,                 0.5654,                0.39916,                 1.1588,                 1.6185,                 1.7267,             0.00019649,             0.00019649,             0.00019649
                    191,                0.59346,                0.70292,                 1.1278,                0.65354,                0.49052,                0.55458,                0.39466,                 1.1769,                 1.6568,                 1.7494,             0.00019345,             0.00019345,             0.00019345
                    192,                0.58695,                0.73637,                 1.1039,                0.62329,                0.49459,                0.57015,                0.39508,                 1.2188,                 1.6159,                 1.7845,              0.0001904,              0.0001904,              0.0001904
                    193,                0.60505,                0.70428,                 1.1258,                0.62088,                0.51332,                0.56028,                0.38689,                 1.2669,                 1.6477,                 1.8266,             0.00018736,             0.00018736,             0.00018736
                    194,                0.59786,                0.70572,                 1.0995,                0.66319,                0.49645,                0.57138,                0.39905,                 1.2187,                 1.6006,                 1.7729,             0.00018431,             0.00018431,             0.00018431
                    195,                0.57093,                0.65079,                 1.0938,                0.66901,                0.50441,                0.58556,                0.41204,                 1.2098,                 1.5611,                 1.7519,             0.00018127,             0.00018127,             0.00018127
                    196,                0.55145,                0.64024,                 1.0828,                0.61684,                 0.4996,                0.55951,                0.38849,                 1.2345,                  1.617,                 1.8267,             0.00017822,             0.00017822,             0.00017822
                    197,                0.57874,                0.67448,                  1.109,                0.65033,                0.49988,                0.56578,                0.40055,                 1.2041,                 1.6133,                 1.7836,             0.00017518,             0.00017518,             0.00017518
                    198,                0.58301,                0.68319,                 1.1001,                0.55627,                0.56889,                0.55841,                0.39459,                 1.1932,                 1.6185,                 1.7597,             0.00017213,             0.00017213,             0.00017213
                    199,                0.55416,                0.66255,                 1.0922,                0.56394,                0.53909,                0.56705,                0.40568,                  1.202,                 1.5855,                 1.7459,             0.00016909,             0.00016909,             0.00016909
                    200,                0.58118,                0.66315,                 1.1031,                0.69766,                0.47757,                0.56566,                0.40015,                 1.2041,                 1.6701,                 1.7518,             0.00016604,             0.00016604,             0.00016604
                    201,                0.55699,                0.66344,                 1.0944,                0.66041,                0.50019,                 0.5712,                0.39715,                 1.2237,                 1.6156,                 1.7826,               0.000163,               0.000163,               0.000163
                    202,                0.57282,                0.66427,                  1.104,                0.61806,                0.50762,                0.56371,                 0.3893,                 1.2158,                 1.6242,                  1.764,             0.00015995,             0.00015995,             0.00015995
                    203,                0.54384,                0.67896,                 1.0833,                 0.6303,                0.51652,                0.56944,                0.39096,                 1.2642,                 1.5828,                  1.796,             0.00015691,             0.00015691,             0.00015691
                    204,                0.58101,                0.67675,                 1.0958,                0.59172,                0.54528,                 0.5502,                0.38808,                 1.2104,                 1.5839,                 1.7665,             0.00015386,             0.00015386,             0.00015386
                    205,                0.55272,                 0.6504,                 1.0773,                0.56577,                0.52367,                0.54568,                0.37857,                 1.2372,                 1.6402,                 1.7932,             0.00015082,             0.00015082,             0.00015082
                    206,                0.55956,                 0.6682,                 1.0934,                0.58935,                0.52741,                0.55231,                0.39096,                 1.2379,                 1.5977,                 1.8043,             0.00014777,             0.00014777,             0.00014777
                    207,                 0.5581,                0.65715,                 1.0872,                0.61332,                0.53232,                0.56848,                0.40667,                 1.2269,                 1.5216,                 1.7927,             0.00014473,             0.00014473,             0.00014473
                    208,                0.54138,                0.61199,                 1.0862,                0.60819,                0.52652,                0.57662,                0.40383,                 1.2625,                 1.5693,                 1.8321,             0.00014168,             0.00014168,             0.00014168
                    209,                0.54952,                0.64353,                 1.0906,                0.60677,                0.53467,                0.58112,                 0.4162,                 1.2342,                 1.5876,                 1.7897,             0.00013864,             0.00013864,             0.00013864
                    210,                0.54002,                0.62013,                 1.0838,                0.57994,                0.53521,                0.57673,                0.41238,                 1.2249,                 1.5716,                 1.8023,             0.00013559,             0.00013559,             0.00013559
                    211,                 0.5416,                0.63444,                 1.0825,                0.63412,                0.52977,                0.57843,                0.41405,                 1.1993,                 1.4846,                 1.7658,             0.00013254,             0.00013254,             0.00013254
                    212,                0.54483,                0.64244,                 1.0839,                0.68952,                 0.4894,                 0.5917,                0.42116,                 1.2037,                 1.4969,                 1.7452,              0.0001295,              0.0001295,              0.0001295
                    213,                 0.5455,                0.63236,                 1.0947,                0.62254,                0.54427,                 0.5853,                0.41743,                 1.2131,                 1.4836,                 1.7423,             0.00012645,             0.00012645,             0.00012645
                    214,                0.54545,                0.61756,                 1.0881,                0.59432,                0.53145,                0.56327,                0.40245,                 1.1986,                 1.5718,                  1.731,             0.00012341,             0.00012341,             0.00012341
                    215,                0.52889,                0.62598,                  1.077,                 0.6589,                0.49041,                0.57539,                0.40823,                 1.1917,                 1.5752,                 1.7362,             0.00012036,             0.00012036,             0.00012036
                    216,                0.52828,                0.61438,                 1.0865,                0.62982,                0.56343,                0.59025,                0.41411,                 1.1891,                 1.5694,                 1.7265,             0.00011732,             0.00011732,             0.00011732
                    217,                0.54063,                0.63774,                 1.0928,                0.70526,                0.48088,                0.57815,                0.40704,                 1.2119,                 1.5995,                  1.751,             0.00011427,             0.00011427,             0.00011427
                    218,                0.53172,                0.60868,                  1.065,                 0.6511,                0.52202,                0.57373,                0.40249,                 1.1944,                 1.6199,                 1.7529,             0.00011123,             0.00011123,             0.00011123
                    219,                0.51505,                0.61624,                 1.0655,                0.65261,                0.50037,                0.57151,                0.40154,                 1.2206,                 1.5798,                 1.7691,             0.00010818,             0.00010818,             0.00010818
